{
  "getHospitalBySPecialityIdAndCity" : {
    "transaction" : "getHospitalBySPecialityIdAndCity",
    "sampleCount" : 100,
    "errorCount" : 0,
    "errorPct" : 0.0,
    "meanResTime" : 2.3899999999999992,
    "medianResTime" : 2.0,
    "minResTime" : 1.0,
    "maxResTime" : 14.0,
    "pct1ResTime" : 3.0,
    "pct2ResTime" : 12.64999999999992,
    "pct3ResTime" : 14.0,
    "throughput" : 105.9322033898305,
    "receivedKBytesPerSec" : 63.93173993644068,
    "sentKBytesPerSec" : 20.793332891949152
  },
  "getHospitals" : {
    "transaction" : "getHospitals",
    "sampleCount" : 100,
    "errorCount" : 0,
    "errorPct" : 0.0,
    "meanResTime" : 3.0700000000000003,
    "medianResTime" : 2.0,
    "minResTime" : 1.0,
    "maxResTime" : 18.0,
    "pct1ResTime" : 5.0,
    "pct2ResTime" : 9.949999999999989,
    "pct3ResTime" : 18.0,
    "throughput" : 104.16666666666667,
    "receivedKBytesPerSec" : 97.85970052083334,
    "sentKBytesPerSec" : 19.124348958333336
  },
  "getSpecialities" : {
    "transaction" : "getSpecialities",
    "sampleCount" : 100,
    "errorCount" : 0,
    "errorPct" : 0.0,
    "meanResTime" : 3.520000000000001,
    "medianResTime" : 2.0,
    "minResTime" : 1.0,
    "maxResTime" : 38.0,
    "pct1ResTime" : 5.0,
    "pct2ResTime" : 8.0,
    "pct3ResTime" : 37.909999999999954,
    "throughput" : 100.40160642570281,
    "receivedKBytesPerSec" : 115.89326054216868,
    "sentKBytesPerSec" : 18.727252761044177
  },
  "Total" : {
    "transaction" : "Total",
    "sampleCount" : 300,
    "errorCount" : 0,
    "errorPct" : 0.0,
    "meanResTime" : 2.9933333333333305,
    "medianResTime" : 2.0,
    "minResTime" : 1.0,
    "maxResTime" : 38.0,
    "pct1ResTime" : 4.0,
    "pct2ResTime" : 8.0,
    "pct3ResTime" : 18.0,
    "throughput" : 299.7002997002997,
    "receivedKBytesPerSec" : 269.45710539460543,
    "sentKBytesPerSec" : 56.58404095904096
  }
}